escala,registros,mib_parquet,mib_duckdb,materializacion_s,consulta,parquet_s,tabla_s,aceleracion
1 mes (2026-01),3765161,62.1,101.3,2.08,B1_conteo,0.0412,0.0005,84.83
1 mes (2026-01),3765161,62.1,101.3,2.08,B2_viajes_por_mes,0.2824,0.0321,8.79
1 mes (2026-01),3765161,62.1,101.3,2.08,B3_dia_hora,0.2839,0.026,10.93
1 mes (2026-01),3765161,62.1,101.3,2.08,B4_forma_pago,0.3549,0.0433,8.19
1 mes (2026-01),3765161,62.1,101.3,2.08,B5_percentiles,0.7789,0.5049,1.54
1 mes (2026-01),3765161,62.1,101.3,2.08,B6_zonas_top,0.3139,0.0343,9.14
1 mes (2026-01),3765161,62.1,101.3,2.08,B7_filtro_selectivo,0.1278,0.004,32.2
1 anio (2024),41829938,676.1,1119.3,11.03,B1_conteo,0.0853,0.0006,154.77
1 anio (2024),41829938,676.1,1119.3,11.03,B2_viajes_por_mes,1.4446,0.2949,4.9
1 anio (2024),41829938,676.1,1119.3,11.03,B3_dia_hora,1.5476,0.2509,6.17
1 anio (2024),41829938,676.1,1119.3,11.03,B4_forma_pago,1.7093,0.3399,5.03
1 anio (2024),41829938,676.1,1119.3,11.03,B5_percentiles,6.1615,4.9054,1.26
1 anio (2024),41829938,676.1,1119.3,11.03,B6_zonas_top,1.6085,0.2783,5.78
1 anio (2024),41829938,676.1,1119.3,11.03,B7_filtro_selectivo,0.7406,0.0185,39.99
todos los anios,121184384,1977.0,3280.3,30.0,B1_conteo,0.2308,0.0007,342.89
todos los anios,121184384,1977.0,3280.3,30.0,B2_viajes_por_mes,4.3295,0.7488,5.78
todos los anios,121184384,1977.0,3280.3,30.0,B3_dia_hora,4.3476,0.7792,5.58
todos los anios,121184384,1977.0,3280.3,30.0,B4_forma_pago,4.9433,0.8546,5.78
todos los anios,121184384,1977.0,3280.3,30.0,B5_percentiles,21.1192,17.2511,1.22
todos los anios,121184384,1977.0,3280.3,30.0,B6_zonas_top,4.7626,0.7951,5.99
todos los anios,121184384,1977.0,3280.3,30.0,B7_filtro_selectivo,2.2049,0.0447,49.28
